{"fear_and_greed": {"score": 48.4285714285714, "rating": "neutral", "timestamp": "2026-01-20T21:24:31+00:00", "previous_close": 62.1714285714286, "previous_1_week": 59.5142857142857, "previous_1_month": 49.6857142857143, "previous_1_year": 36.02857142857143}, "fear_and_greed_historical": {"timestamp": 1768944271000.0, "score": 48.4285714285714, "rating": "neutral", "data": [{"x": 1768944271000.0, "y": 48.4285714285714, "rating": "neutral"}]}, "market_momentum_sp500": {"timestamp": 1768944001000.0, "score": 18.4, "rating": "extreme fear", "data": [{"x": 1768944001000.0, "y": 6796.86, "rating": "extreme greed"}]}, "market_momentum_sp125": {"timestamp": 1768944001000.0, "score": 18.4, "rating": "extreme fear", "data": [{"x": 1768944001000.0, "y": 6674.0272, "rating": "extreme greed"}]}, "stock_price_strength": {"timestamp": 1768944271000.0, "score": 92.2, "rating": "extreme greed", "data": [{"x": 1768944271000.0, "y": 3.8975146717072797, "rating": "extreme fear"}]}, "stock_price_breadth": {"timestamp": 1768944271000.0, "score": 51.2, "rating": "neutral", "data": [{"x": 1768944271000.0, "y": 1191.1387153317, "rating": "extreme greed"}]}, "put_call_options": {"timestamp": 1768943700000.0, "score": 11, "rating": "extreme fear", "data": [{"x": 1768943700000.0, "y": 0.731151834985565, "rating": "extreme fear"}]}, "market_volatility_vix": {"timestamp": 1768943701000.0, "score": 50, "rating": "neutral", "data": [{"x": 1768943701000.0, "y": 20.09, "rating": "extreme fear"}]}, "market_volatility_vix_50": {"timestamp": 1768943701000.0, "score": 50, "rating": "neutral", "data": [{"x": 1768943701000.0, "y": 17.1036, "rating": "extreme fear"}]}, "junk_bond_demand": {"timestamp": 1768943400000.0, "score": 92.8, "rating": "extreme greed", "data": [{"x": 1768943400000.0, "y": 1.20379610476749, "rating": "extreme fear"}]}, "safe_haven_demand": {"timestamp": 1768942799000.0, "score": 23.4, "rating": "extreme fear", "data": [{"x": 1768942799000.0, "y": 0.312920124658595, "rating": "extreme fear"}]}}